feature,feature_type,metric,distance,real_samples,synthetic_samples
dur,numerical,KS_statistic,0.34330396475770925,908,100
spkts,numerical,KS_statistic,0.14118942731277534,908,100
dpkts,numerical,KS_statistic,0.20118942731277534,908,100
sbytes,numerical,KS_statistic,0.15916299559471367,908,100
dbytes,numerical,KS_statistic,0.3188105726872247,908,100
rate,numerical,KS_statistic,0.3711894273127753,908,100
sttl,numerical,KS_statistic,0.0,908,100
dttl,numerical,KS_statistic,0.2511894273127753,908,100
sload,numerical,KS_statistic,0.40008810572687226,908,100
dload,numerical,KS_statistic,0.48881057268722466,908,100
sloss,numerical,KS_statistic,0.05118942731277533,908,100
dloss,numerical,KS_statistic,0.01118942731277533,908,100
sinpkt,numerical,KS_statistic,0.28008810572687226,908,100
dinpkt,numerical,KS_statistic,0.4388105726872247,908,100
sjit,numerical,KS_statistic,0.4488105726872247,908,100
djit,numerical,KS_statistic,0.4488105726872247,908,100
swin,numerical,KS_statistic,0.24118942731277532,908,100
stcpb,numerical,KS_statistic,0.48881057268722466,908,100
dtcpb,numerical,KS_statistic,0.48881057268722466,908,100
dwin,numerical,KS_statistic,0.2511894273127753,908,100
tcprtt,numerical,KS_statistic,0.48881057268722466,908,100
synack,numerical,KS_statistic,0.48881057268722466,908,100
ackdat,numerical,KS_statistic,0.48881057268722466,908,100
smean,numerical,KS_statistic,0.2522026431718062,908,100
dmean,numerical,KS_statistic,0.4488105726872247,908,100
trans_depth,numerical,KS_statistic,0.0,908,100
response_body_len,numerical,KS_statistic,0.0,908,100
ct_srv_src,numerical,KS_statistic,0.10744493392070485,908,100
ct_state_ttl,numerical,KS_statistic,0.02118942731277533,908,100
ct_dst_ltm,numerical,KS_statistic,0.31022026431718064,908,100
ct_src_dport_ltm,numerical,KS_statistic,0.0,908,100
ct_dst_sport_ltm,numerical,KS_statistic,0.0,908,100
ct_dst_src_ltm,numerical,KS_statistic,0.23647577092511013,908,100
is_ftp_login,numerical,KS_statistic,0.0,908,100
ct_ftp_cmd,numerical,KS_statistic,0.0,908,100
ct_flw_http_mthd,numerical,KS_statistic,0.0,908,100
ct_src_ltm,numerical,KS_statistic,0.18859030837004406,908,100
ct_srv_dst,numerical,KS_statistic,0.18973568281938327,908,100
is_sm_ips_ports,numerical,KS_statistic,0.0,908,100
proto,categorical,Total_variation_distance,0.011189427312775363,908,100
service,categorical,Total_variation_distance,0.0,908,100
state,categorical,Total_variation_distance,0.021189427312775372,908,100
